{
    "accuracy": 0.7502369668246446,
    "precision": 0.5190156599552572,
    "recall": 0.8270944741532977,
    "f1": 0.6378006872852233,
    "roc_auc": 0.8505809624747839
}