{
    "accuracy": 0.7777251184834123,
    "precision": 0.5646067415730337,
    "recall": 0.7165775401069518,
    "f1": 0.631578947368421,
    "roc_auc": 0.844485948613849,
    "best_cv_f1": 0.63566934415072,
    "cv_accuracy_mean": 0.7874821509636416,
    "cv_accuracy_std": 0.014299656589643321,
    "cv_f1_mean": 0.63566934415072,
    "cv_f1_std": 0.02842560603807477,
    "cv_recall_mean": 0.6987160363838437,
    "cv_recall_std": 0.04157454214201372,
    "cv_roc_auc_mean": 0.84115900004638,
    "cv_roc_auc_std": 0.01745923386135105
}